Id,Values_code,Values_Hour01,Values_Hour02,Values_Hour03,Values_Hour04,Values_Hour05,Values_Hour06,Values_Hour07,Values_Hour08,Values_Hour09,Values_Hour10,Values_Hour11,Values_Hour12,Values_Hour13,Values_Hour14,Values_Hour15,Values_Hour16,Values_Hour17,Values_Hour18,Values_Hour19,Values_Hour20,Values_Hour21,Values_Hour22,Values_Hour23,Values_Hour24,Date
Sistema,Sistema,251.91161,251.91161,251.91161,281.91161,281.91161,251.91161,152.91161,95.85161,95.85161,95.85161,95.85161,152.91161,152.91161,152.91161,152.91161,251.91161,281.91161,281.91161,301.23261,301.23261,301.23261,301.23261,301.23261,290.91161,2024-01-01
Sistema,Sistema,360.22127,360.22127,309.82127,284.32127,309.82127,317.32127,317.32127,360.22127,379.32127,317.32127,360.22127,379.32127,419.32127,419.32127,419.32127,419.32127,419.32127,419.32127,449.32127,449.32127,449.32127,449.32127,419.32127,419.32127,2024-01-02
Sistema,Sistema,429.48823,429.48823,429.48823,429.48823,429.48823,429.48823,429.48823,429.48823,429.48823,429.48823,429.48823,430.48823,430.48823,430.48823,504.48823,504.48823,504.48823,509.48823,509.48823,514.48823,509.48823,509.48823,504.48823,504.48823,2024-01-03
Sistema,Sistema,519.95005,519.95005,519.95005,448.95005,448.95005,519.95005,519.95005,519.95005,519.95005,519.95005,539.95005,602.95005,602.95005,602.95005,602.95005,602.95005,602.95005,602.95005,602.95005,602.95005,602.95005,602.95005,602.95005,550.88105,2024-01-04
Sistema,Sistema,609.50109,609.50109,609.50109,609.50109,609.50109,609.50109,609.50109,609.50109,609.50109,609.50109,609.50109,614.49909,614.49909,614.49909,624.46809,624.46809,649.49909,649.49909,650.49909,650.49909,650.49909,649.49909,649.49909,614.49909,2024-01-05
Sistema,Sistema,652.62055,651.62055,651.62055,619.62055,609.62255,609.62255,609.62255,609.62055,609.62255,609.62255,609.62255,609.62255,609.62255,609.62255,609.62255,609.62255,609.62255,629.61155,652.62055,652.62055,651.62055,651.62055,651.62055,651.62055,2024-01-06
Sistema,Sistema,636.24401,636.24401,636.24401,628.00401,628.00401,628.00401,618.24401,618.24401,618.24401,618.24401,618.24401,628.00401,636.24401,636.24401,636.24401,636.24401,636.24401,636.24401,649.09401,649.09401,649.09401,649.09401,649.09401,636.24401,2024-01-07
Sistema,Sistema,649.15965,649.15965,625.37565,579.15965,579.15965,579.15965,579.15965,559.15965,559.15965,550.15965,609.15965,625.37565,649.15965,649.15965,649.15965,649.15965,674.15965,674.15965,720.15965,720.15965,720.15965,674.15965,674.15965,674.15965,2024-01-08
Sistema,Sistema,671.15667,671.15667,671.15667,671.15667,671.15667,671.15667,671.15667,671.15667,671.15667,671.15667,671.15667,698.15667,704.15667,710.15667,710.15667,710.15667,710.15667,710.15667,721.15667,721.15667,710.15667,710.15667,704.15667,671.15667,2024-01-09
Sistema,Sistema,661.02935,636.02935,636.02935,636.02935,636.02935,636.02935,636.02935,636.02935,636.02935,661.02935,661.02935,661.02935,661.02935,661.02935,662.02935,662.02935,699.02935,699.02935,699.02935,699.02935,714.02935,699.02935,699.02935,661.02935,2024-01-10
Sistema,Sistema,679.03390,679.03390,679.03390,679.03390,679.03390,679.03390,679.03390,679.03390,679.03390,679.03390,679.03390,696.03390,679.03390,696.03390,696.03390,696.03390,696.03390,696.03390,696.03390,696.03390,696.03390,696.03390,679.03390,679.03390,2024-01-11
Sistema,Sistema,674.02669,649.02669,629.39469,597.92669,597.92669,629.39469,649.02669,649.02669,674.02669,674.02669,674.02669,686.02669,686.02669,686.02669,686.02669,686.02669,686.02669,686.02669,686.02669,686.02669,686.02669,686.02669,674.02669,649.02669,2024-01-12
Sistema,Sistema,646.03097,618.03097,607.06297,607.06297,607.06297,607.06297,618.03097,629.03097,646.03097,647.03097,647.03097,674.03097,674.03097,647.03097,647.03097,647.03097,674.03097,674.03097,674.03097,674.03097,674.03097,674.03097,647.03097,647.03097,2024-01-13
Sistema,Sistema,619.23229,613.23229,613.23229,607.94329,607.94329,607.94329,599.78329,519.23229,607.94329,607.94329,599.78329,607.94329,613.23229,613.23229,613.23229,613.23229,619.23229,621.23229,638.23229,638.23229,638.23229,638.23229,638.23229,619.23229,2024-01-14
Sistema,Sistema,603.44401,580.70201,500.70201,449.49101,533.31001,580.70201,603.44401,603.44401,603.44401,608.78401,608.78401,644.20201,644.20201,644.20201,644.20201,644.20201,644.70201,644.70201,660.70201,660.70201,660.70201,660.70201,660.70201,644.70201,2024-01-15
Sistema,Sistema,603.18744,603.18744,603.18744,602.54844,603.18744,603.18744,603.18744,603.18744,603.18744,603.18744,603.18744,603.18744,603.18744,603.18744,603.18744,603.18744,620.18744,620.18744,620.18744,624.42044,624.42044,620.18744,620.18744,620.18744,2024-01-16
Sistema,Sistema,563.11622,563.11622,563.11622,555.49122,563.11622,563.11622,563.11622,563.11622,565.11622,565.11622,566.11622,599.11622,599.11622,599.11622,599.11622,617.11622,617.11622,617.11622,617.11622,711.11622,617.11622,599.11622,565.11622,565.11622,2024-01-17
Sistema,Sistema,549.10151,549.10151,549.10151,529.10151,529.10151,549.10151,549.10151,549.10151,549.10151,549.10151,556.10151,556.10151,556.10151,556.10151,556.10151,558.10151,558.10151,556.10151,564.10151,558.10151,558.10151,558.10151,558.10151,556.10151,2024-01-18
Sistema,Sistema,523.16930,523.16930,518.16930,518.16930,518.16930,523.16930,523.16930,523.16930,523.16930,532.16930,555.06930,565.46930,541.16930,541.16930,565.46930,565.46930,555.06930,555.06930,565.46930,565.46930,555.06930,547.16930,541.16930,532.16930,2024-01-19
Sistema,Sistema,527.55298,519.25298,519.25298,518.25298,518.25298,518.25298,518.25298,519.25298,527.55298,527.55298,527.55298,527.55298,527.55298,527.55298,527.55298,527.55298,531.25298,531.25298,531.25298,531.25298,531.25298,531.25298,527.55298,527.55298,2024-01-20
Sistema,Sistema,500.43121,500.43121,500.43121,500.43121,500.43121,500.43121,500.43121,449.43121,500.43121,500.43121,500.43121,500.43121,500.43121,500.43121,500.43121,500.43121,500.43121,500.43121,524.73121,524.73121,524.73121,519.43121,518.43121,500.43121,2024-01-21
Sistema,Sistema,501.32247,501.32247,501.32247,500.86847,500.32247,500.86847,501.32247,501.32247,501.32247,501.32247,501.32247,501.82247,501.32247,501.82247,501.82247,501.82247,501.82247,501.82247,501.82247,509.32247,509.32247,509.32247,501.82247,501.82247,2024-01-22
Sistema,Sistema,483.58500,480.24000,480.24000,480.24000,480.24000,483.58500,483.58500,483.58500,483.58500,501.64000,501.64000,501.84000,501.64000,501.64000,501.84000,501.84000,503.24000,501.74000,503.24000,503.24000,501.84000,511.64000,501.74000,489.24000,2024-01-23
Sistema,Sistema,484.05098,484.05098,455.51698,454.05098,455.51698,484.05098,484.05098,484.05098,484.05098,484.05098,500.50098,500.50098,500.50098,500.55098,500.65098,500.55098,500.65098,500.55098,500.65098,500.65098,500.55098,500.55098,500.50098,500.50098,2024-01-24
Sistema,Sistema,472.05794,472.05794,472.05794,471.05794,472.05794,472.05794,472.05794,472.05794,472.05794,479.05794,479.05794,479.05794,479.05794,479.05794,479.05794,501.16894,501.16894,479.05794,501.16894,501.16894,501.16894,479.05794,479.05794,472.05794,2024-01-25
Sistema,Sistema,412.66834,412.66834,412.66834,412.66834,452.66834,452.66834,452.66834,452.66834,452.66834,452.66834,452.66834,452.66834,452.66834,452.66834,453.66834,453.66834,453.66834,452.66834,454.66834,454.66834,455.78934,453.66834,452.66834,452.66834,2024-01-26
Sistema,Sistema,450.30074,450.30074,450.30074,450.30074,450.30074,450.30074,450.30074,450.30074,481.30074,481.30074,503.41174,481.30074,450.30074,450.30074,450.30074,450.30074,450.30074,479.30074,503.41174,503.41174,503.41174,503.41174,481.30074,450.30074,2024-01-27
Sistema,Sistema,509.54063,509.54063,509.54063,509.54063,509.54063,509.54063,509.54063,509.54063,509.54063,509.54063,509.54063,509.54063,511.42963,511.42963,511.42963,511.42963,555.42963,556.42963,556.42963,649.42963,556.42963,556.42963,556.42963,555.42963,2024-01-28
Sistema,Sistema,569.15334,569.15334,549.04234,544.04234,549.04234,569.15334,569.15334,569.15334,605.28434,605.28434,619.04234,620.04234,619.04234,620.04234,620.04234,620.04234,620.04234,620.04234,620.04234,620.04234,620.04234,620.04234,620.04234,599.04234,2024-01-29
Sistema,Sistema,656.44580,616.44580,607.75480,581.44580,581.44580,607.75480,616.44580,616.44580,616.44580,616.44580,622.44580,622.44580,622.44580,622.44580,671.44580,671.44580,656.44580,622.44580,656.44580,671.44580,656.44580,622.44580,622.44580,622.44580,2024-01-30
Sistema,Sistema,612.19926,612.19926,612.19926,612.19926,612.19926,620.19926,620.19926,620.19926,620.19926,620.19926,620.19926,620.19926,620.19926,672.31026,672.31026,672.31026,672.31026,672.31026,672.31026,672.31026,672.31026,672.31026,620.19926,620.19926,2024-01-31
